epoch;loss
0;1.8461531989640358
0;1.8215982524408691
0;1.810318608648128
0;1.8038309561557537
0;1.7994883527039136
