epoch;loss
0;1.8458874079186403
0;1.8220844484475394
0;1.811275061086044
0;1.8045619584853352
0;1.7999130626259003
