epoch;loss
0;1.5937459768069564
0;1.546141693279297
0;1.5416322626883145
