epoch;loss
0;1.8548348549146254
0;1.8358002524554418
0;1.8267936504715705
0;1.8197699229802617
0;1.8144170103274624
