epoch;loss
0;1.8547760127589985
0;1.8355410992997976
0;1.8264637366529473
0;1.8195165066674024
0;1.814711095133637
