epoch;loss
0;1.5820084294818613
0;1.565916134710222
