epoch;loss
0;1.845626714169813
0;1.8249309424659432
0;1.81453871243479
0;1.807877087084461
0;1.8031381381109557
