epoch;loss
0;1.845221374781448
0;1.8248178519278702
0;1.8152815221452432
0;1.8086294226935071
0;1.8037945628854615
