epoch;loss
0;1.572796671983661
0;1.5720295886599296
0;1.7152665207014473
0;1.5466385796971749
0;1.565911898118504
