epoch;loss
0;1.5896709025124587
0;1.5780678938067594
0;1.5754705788576846
0;1.5736482309927204
0;1.5879765409942697
