epoch;loss
0;1.7198266277773655e-07
0;1.7198266277773655e-07
0;1.7198266277773655e-07
0;1.7198266277773655e-07
0;1.7198266277773655e-07
0;1.585732837616986
0;1.5749166138229704
0;1.571786137557685
0;1.690976445872109
0;1.7500979710890172
0;1.5805065349485876
0;1.5671462841179646
0;1.5918474843819717
0;1.6181332851516255
0;1.704239254675951
0;1.666016416592722
0;1.6502718858551613
0;1.8780512316623226
0;1.7921166513877955
0;1.7176386976581168
