epoch;loss
0;1.5779711636706373
0;1.5634567907459245
0;1.559242964314927
0;1.556627364233523
0;1.5850491599316139
