epoch;loss
0;1.5839301814146822
0;1.5716848658810532
0;1.5680984950145735
0;1.5658269409845231
0;2.133233490243357
