epoch;loss
0;1.8532766024374234
0;1.836681435318597
0;1.8309689424099325
0;1.8258138699686732
0;1.8222582585802383
