epoch;loss
0;1.8532771603294476
0;1.8366909643515061
0;1.830997658728322
0;1.825919595739182
0;1.822358523003797
