epoch;loss
0;1.5708237296455296
0;1.5501324418090563
0;1.54498072545531
