epoch;loss
0;1.8544746827914005
0;1.837531243793439
0;1.8291798376244965
0;1.8249019086178704
0;1.8217432942514518
