epoch;loss
0;1.854505717223879
0;1.8374482573305704
0;1.829605858629995
0;1.8244669900671668
0;1.8240179673299912
