epoch;loss
0;1.5830729393664253
0;1.5698190765554663
