epoch;loss
0;1.5867220960615742
0;1.5744052696242132
0;1.5710330856092847
0;1.5690760786937068
0;1.5674604068074418
