epoch;loss
0;1.5865072335202823
0;1.572774962501214
0;1.569778902019429
0;1.5650346082161573
0;1.6302248841680649
