epoch;loss
0;1.5827200574372942
0;1.5664062476408698
0;1.5617450839185874
0;1.5860478485407525
0;1.5574709988539368
