epoch;loss
0;1.5899774692989364
0;1.5754369586419168
0;1.5718827725900573
0;1.574655177050019
0;1.5694883640999782
