epoch;loss
0;1.6063768008230064
0;1.5546754081626697
0;1.5490702971657384
0;1.5464908713775454
0;1.5735043830450162
